District,Population,Median Age,% Age 18–64,Male %,Female %,White %,Black %,Asian %,Hispanic %,HS+ %,BA+ %,English Only %,Other Lang %,Limited English %,Foreign Born %,Income <50k %,50–100k %,100–200k %,>200k %,Housing Units,Owner %,Renter %,Vacancy %
Assembly District 34,130864,37.8,68.39008436239149,50.928444797652524,49.071555202347476,36.74654603252231,3.600684680278763,15.76063699718792,51.018614745078864,87.14309498043787,36.15770415383335,30.60263042667402,69.39736957332597,47.897557565615266,50.62507641520968,35.54769419789438,33.19211133942,31.550405660177518,10.930582328891902,53988,30.90643336793272,69.09356663206728,12.560198562643551
Assembly District 36,121852,35.7,74.96553195680005,49.95650461215245,50.04349538784755,48.03450086990776,7.716738338312051,19.708334701112825,25.060729409447525,96.27397547426895,59.065087517031756,50.079614408056116,49.920385591943884,41.548062754615586,37.99773495716115,32.80402184276675,26.350004333882293,31.689347317326863,17.921470052873364,74428,15.718124295744127,84.28187570425587,22.495566184769174
